first_name,last_name,email,password,telephone,street_address,city,state,zip_code,country,default_shipping_address,default_billing_address,home,business,card_number,card_month,card_year,card_cvv,http://www.footlocker.com/,http://www.champssports.com/,http://www.kidsfootlocker.com/,http://www.eastbay.com/
krista,marmol,shivani.patel823@gmail.com,#Cc5ot!o6xBg,9798917456,123 Sesame Street,,,11365,United States,TRUE,TRUE,TRUE,FALSE,4242424242424242,03,26,123,x,x,x,x
Kerwinn,Harsnep,kharsnep2@wix.com,wozFO3c,561-537-7061,63103 Parkside Lane,Boynton Beach,Florida,33436,United States,TRUE,FALSE,TRUE,FALSE,4242424242424242,03,26,123,x,,,
Willi,Rolfs,wrolfs3@sourceforge.net,LbhnuWp,719-724-8561,62 Merry Road,Colorado Springs,Colorado,80920,United States,TRUE,TRUE,TRUE,FALSE,4242424242424242,03,27,123,x,,,x
Mersey,Leverage,mleverage4@cnn.com,Kt3rh4GH,717-146-4928,0 Garrison Place,Harrisburg,Pennsylvania,17105,United States,FALSE,FALSE,TRUE,FALSE,4242424242424242,04,29,123,,x,,
Kippy,Swaysland,kswaysland6@archive.org,DBpeFO,203-780-9076,64 Cardinal Way,Hartford,Connecticut,6105,United States,FALSE,FALSE,TRUE,FALSE,4242424242424242,05,27,123,,x,,
Megen,Gillam,mgillam8@eepurl.com,GphU2znzUOQ2,251-319-4419,86524 Farragut Alley,Mobile,Alabama,36610,United States,FALSE,FALSE,TRUE,FALSE,4242424242424242,10,26,123,x,x,,
Wyn,Chittey,wchittey9@bravesites.com,k6bUtAhOF,973-841-9446,015 Gerald Alley,Paterson,New Jersey,7522,United States,TRUE,TRUE,FALSE,FALSE,4242424242424242,09,28,123,x,,,x
Joey,Pigden,jpigdena@joomla.org,Ys5Vn7viG,919-403-8136,101 South Street,Raleigh,North Carolina,27610,United States,TRUE,TRUE,FALSE,FALSE,4242424242424242,05,26,123,,x,,x
Mavis,Rendall,mrendallb@spotify.com,hX7k3paw,281-958-8180,918 Gina Road,Houston,Texas,77040,United States,FALSE,FALSE,FALSE,FALSE,4242424242424242,12,23,123,,x,x,
Ad,Rignold,arignoldd@usa.gov,xLcERv5zB9Aj,408-888-1865,2881 Manley Parkway,San Jose,California,95155,United States,FALSE,TRUE,TRUE,FALSE,4242424242424242,03,25,123,,x,x,
Woodman,Arlet,warlete@ucoz.ru,n6yAyp,718-297-7098,37254 Veith Avenue,New York City,New York,10004,United States,FALSE,FALSE,TRUE,FALSE,4242424242424242,03,26,123,,x,,x
Cirillo,Tinan,ctinanf@dyndns.org,VvaYlb,941-865-2510,233 Gale Parkway,Sarasota,Florida,34233,United States,TRUE,TRUE,FALSE,FALSE,4242424242424242,04,27,123,,x,,x
Miles,Handman,mhandman0@blog.com,2Q0nKgO,915-576-3006,6674 Lakewood Street,El Paso,Texas,79940,United States,TRUE,TRUE,FALSE,TRUE,4242424242424242,12,23,123,,x,,
Freeman,Flook,fflook1@ucla.edu,67YNWF,918-498-5735,0 Norway Maple Circle,Tulsa,Oklahoma,74108,United States,FALSE,TRUE,FALSE,TRUE,4242424242424242,08,25,123,,,,x
Mathew,Muckart,mmuckart5@reddit.com,rfspuM9D,267-563-3762,76 Summer Ridge Pass,Philadelphia,Pennsylvania,19136,United States,TRUE,FALSE,FALSE,TRUE,4242424242424242,06,26,123,x,,,
Stewart,Sprowle,ssprowle7@netvibes.com,XhIAQrqcfokT,614-460-7708,95 Sauthoff Crossing,Columbus,Ohio,43220,United States,FALSE,TRUE,TRUE,TRUE,4242424242424242,11,24,123,,x,,x
Bernardina,Busain,bbusainc@spiegel.de,xlNjUK6g5,901-991-1582,24714 Riverside Road,Memphis,Tennessee,38136,United States,TRUE,FALSE,FALSE,TRUE,4242424242424242,08,23,123,x,,,x
Antoine,Jorden,ajordeng@ucoz.com,rk2GwZ,504-751-6636,22223 Farmco Crossing,New Orleans,Louisiana,70160,United States,TRUE,TRUE,TRUE,TRUE,4242424242424242,06,29,123,,,x,
Jedidiah,Bruin,jbruinh@rakuten.co.jp,Z34dSuRK,316-813-6634,489 Portage Street,Wichita,Kansas,67215,United States,TRUE,FALSE,FALSE,TRUE,4242424242424242,05,26,123,,x,,
Esmaria,Paler,epaleri@cam.ac.uk,utsci5Kv,214-911-2768,3 Emmet Lane,Dallas,Texas,75277,United States,TRUE,FALSE,TRUE,TRUE,4242424242424242,11,27,123,,,x,
Bettina,Butterfill,bbutterfillj@last.fm,0p1sfVsr1,303-638-5173,800 Anzinger Park,Denver,Colorado,80279,United States,TRUE,TRUE,TRUE,TRUE,4242424242424242,10,24,123,,x,,
Rhetta,Antonacci,rantonaccik@unicef.org,9sZDaeRSzhp,571-973-0740,55913 Almo Terrace,Arlington,Virginia,22225,United States,FALSE,FALSE,FALSE,TRUE,4242424242424242,09,26,123,x,,,
Tobie,Esland,teslandl@answers.com,c0CPU3X7ZK4,702-277-6265,448 Nova Avenue,North Las Vegas,Nevada,89087,United States,TRUE,TRUE,FALSE,TRUE,4242424242424242,05,28,123,,,,
Barny,Capin,bcapinm@discuz.net,TzC23q6qei4,408-855-9208,850 Browning Center,San Jose,California,95123,United States,TRUE,TRUE,TRUE,TRUE,4242424242424242,11,26,123,x,,x,x
Cleavland,Pool,cpooln@upenn.edu,FiDQ845w,503-485-1847,242 Stuart Park,Portland,Oregon,97232,United States,TRUE,TRUE,TRUE,TRUE,4242424242424242,08,23,123,,,,